-- =====================================================
-- ุจูุงูุงุช ุงูุชุฑุงุถูุฉ ูู Supabase - ูุทุงุนู ูููุชุฌุงุช
-- Supabase Seed Data - Restaurants and Products
-- =====================================================
-- ูุฐุง ุงูููู ูุถูู ูุทุงุนู ุงูุชุฑุงุถูุฉ ูููุชุฌุงุช ููุงุฎุชุจุงุฑ
-- This file adds sample restaurants and products for testing

-- ููุงุญุธุฉ: ูุฌุจ ุชุนุทูู RLS ูุคูุชุงู ูุฅุฏุฑุงุฌ ุงูุจูุงูุงุช
-- Note: You may need to temporarily disable RLS to insert data
-- ุฃู ุงุณุชุฎุฏุงู service_role key ูู Supabase Dashboard
-- Or use service_role key in Supabase Dashboard
--
-- โ๏ธ ููู: ุจุนุถ UUIDs ูู ูุฐุง ุงูููู ูุฏ ุชุญุชุงุฌ ุฅูู ุชุญุฏูุซ
-- โ๏ธ Important: Some UUIDs in this file may need to be updated
-- ุฅุฐุง ูุงุฌูุช ุฎุทุฃ "invalid input syntax for type uuid"
-- If you encounter "invalid input syntax for type uuid" error
-- ุงุณุชุฎุฏู uuid_generate_v4() ุจุฏูุงู ูู UUIDs ุงูุซุงุจุชุฉ
-- Use uuid_generate_v4() instead of fixed UUIDs

-- =====================================================
-- 1. ุงููุทุงุนู (RESTAURANTS)
-- =====================================================

-- ูุทุนู 1: ูุทุนู ุงูุฃุตุงูุฉ (ูุทุนู ุนุฑุจู)
INSERT INTO restaurants (id, name, description, cuisine_type, phone, email, address, city, region, latitude, longitude, is_active, rating, delivery_fee, minimum_order, estimated_delivery_time, created_at, updated_at)
VALUES 
  (
    'a1b2c3d4-e5f6-7890-abcd-ef1234567890',
    'ูุทุนู ุงูุฃุตุงูุฉ',
    'ูุทุนู ููุฏู ุฃุดูู ุงูุฃุทุจุงู ุงูุนุฑุจูุฉ ุงูุชูููุฏูุฉ ูุน ุฃุฌูุงุก ุฏุงูุฆุฉ ููููุฒุฉ',
    'ุนุฑุจู',
    '+212612345678',
    'info@alasala.com',
    'ุดุงุฑุน ูุญูุฏ ุงูุฎุงูุณุ ุงููุนุงุฑูู',
    'ุงูุฏุงุฑ ุงูุจูุถุงุก',
    'ุงูุฏุงุฑ ุงูุจูุถุงุก',
    33.5731,
    -7.5898,
    true,
    4.5,
    15.00,
    50.00,
    30,
    NOW(),
    NOW()
  ),

-- ูุทุนู 2: ุจูุชุฒุง ุฅูุทุงููุง
  (
    'b2c3d4e5-f6a7-8901-bcde-f12345678901',
    'ุจูุชุฒุง ุฅูุทุงููุง',
    'ุฃูุถู ุงูุจูุชุฒุง ุงูุฅูุทุงููุฉ ุงูุฃุตููุฉ ูุน ุฃุฌูุฏ ุฃููุงุน ุงูุฌุจู ูุงูุตูุตุงุช',
    'ุฅูุทุงูู',
    '+212612345679',
    'info@italianpizza.com',
    'ุดุงุฑุน ุงูุญุณู ุงูุซุงููุ ูุณุท ุงููุฏููุฉ',
    'ุงูุฑุจุงุท',
    'ุงูุฑุจุงุท',
    34.0209,
    -6.8416,
    true,
    4.7,
    20.00,
    40.00,
    25,
    NOW(),
    NOW()
  ),

-- ูุทุนู 3: ุณูุดู ุทูููู
  (
    'c3d4e5f6-a7b8-9012-cdef-123456789012',
    'ุณูุดู ุทูููู',
    'ุณูุดู ุทุงุฒุฌ ููุฃูููุงุช ูุงุจุงููุฉ ุฃุตููุฉ ูุญุถุฑุฉ ููููุงู',
    'ูุงุจุงูู',
    '+212612345680',
    'info@sushitokyo.com',
    'ุดุงุฑุน ุงูุฃููุฑ ูููุงู ุนุจุฏ ุงูููุ ุฃูุฏุงู',
    'ุงูุฑุจุงุท',
    'ุงูุฑุจุงุท',
    34.0209,
    -6.8416,
    true,
    4.8,
    25.00,
    60.00,
    35,
    NOW(),
    NOW()
  ),

-- ูุทุนู 4: ุจุฑุฌุฑ ูุงูุณ
  (
    'd4e5f6a7-b8c9-0123-def0-234567890123',
    'ุจุฑุฌุฑ ูุงูุณ',
    'ุฃุดูู ุงูุจุฑุฌุฑุฒ ูุงููุฌุจุงุช ุงูุณุฑูุนุฉ ูุน ุจุทุงุทุณ ููููุฉ ููุฑูุดุฉ',
    'ูุฌุจุงุช ุณุฑูุนุฉ',
    '+212612345681',
    'info@burgerhouse.com',
    'ุดุงุฑุน ูููุงู ุฅุณูุงุนููุ ุงููุนุงุฑูู',
    'ุงูุฏุงุฑ ุงูุจูุถุงุก',
    'ุงูุฏุงุฑ ุงูุจูุถุงุก',
    33.5731,
    -7.5898,
    true,
    4.3,
    12.00,
    30.00,
    20,
    NOW(),
    NOW()
  ),

-- ูุทุนู 5: ูุทุนู ุงูุตูู ุงูุฐูุจู
  (
    'e5f6a7b8-c9d0-1234-ef01-345678901234',
    'ูุทุนู ุงูุตูู ุงูุฐูุจู',
    'ุฃุทุจุงู ุตูููุฉ ุฃุตููุฉ ูุญูููุงุช ุชูููุฏูุฉ ูุน ุฃุฌูุงุก ุดุฑููุฉ ูููุฒุฉ',
    'ุตููู',
    '+212612345682',
    'info@chinagolden.com',
    'ุดุงุฑุน ุงูุญุณู ุงูุฃููุ ูุณุท ุงููุฏููุฉ',
    'ูุงุณ',
    'ูุงุณ',
    34.0333,
    -5.0000,
    true,
    4.6,
    18.00,
    45.00,
    28,
    NOW(),
    NOW()
  ),

-- ูุทุนู 6: ูุทุนู ุงูุฃุทูุณ (ูุฑุงูุด - ูุฑูุจ ูู ูููุนู)
  (
    'f6a7b8c9-d0e1-2345-f012-456789012345',
    'ูุทุนู ุงูุฃุทูุณ',
    'ุฃุทุจุงู ูุบุฑุจูุฉ ุฃุตููุฉ ูุน ุฅุทูุงูุฉ ุฑุงุฆุนุฉ ุนูู ุฌุจุงู ุงูุฃุทูุณ',
    'ูุบุฑุจู',
    '+212612345683',
    'info@atlas.com',
    'ุดุงุฑุน ุงูุฃุทูุณุ ุญู ุงููุฎููุ ูุฑุงูุด',
    'ูุฑุงูุด',
    'ูุฑุงูุด',
    31.6320,
    -8.0300,
    true,
    4.9,
    15.00,
    40.00,
    25,
    NOW(),
    NOW()
  ),

-- ูุทุนู 7: ูุทุนู ุฌุงูุน ุงูููุง (ูุฑุงูุด - ูุฑูุจ ูู ูููุนู)
  (
    'a7b8c9d0-e1f2-3456-0123-567890123456',
    'ูุทุนู ุฌุงูุน ุงูููุง',
    'ุฃุทุจุงู ูุบุฑุจูุฉ ุชูููุฏูุฉ ูู ููุจ ุงููุฏููุฉ ุงููุฏููุฉ ุจุฌูุงุฑ ุณุงุญุฉ ุฌุงูุน ุงูููุง',
    'ูุบุฑุจู',
    '+212612345684',
    'info@jamaaelfna.com',
    'ุณุงุญุฉ ุฌุงูุน ุงูููุงุ ูุฑุงูุด',
    'ูุฑุงูุด',
    'ูุฑุงูุด',
    31.6300,
    -8.0320,
    true,
    4.8,
    12.00,
    35.00,
    20,
    NOW(),
    NOW()
  ),

-- ูุทุนู 8: ูุทุนู ุงูุญูููุงุช ุงูุดุฑููุฉ (ูุฑุงูุด - ูุฑูุจ ูู ูููุนู)
  (
    'b8c9d0e1-f2a3-4567-1234-678901234567',
    'ูุทุนู ุงูุญูููุงุช ุงูุดุฑููุฉ',
    'ุฃุดูู ุงูุญูููุงุช ุงูุนุฑุจูุฉ ูุงูุดุฑููุฉ ูุญุถุฑุฉ ููููุงู',
    'ุญูููุงุช',
    '+212612345685',
    'info@sweets.com',
    'ุดุงุฑุน ุนูุงู ุงููุงุณูุ ูุณุท ุงููุฏููุฉุ ูุฑุงูุด',
    'ูุฑุงูุด',
    'ูุฑุงูุด',
    31.6315,
    -8.0310,
    true,
    4.5,
    10.00,
    25.00,
    15,
    NOW(),
    NOW()
  ),

-- ูุทุนู 9: ุจูุชุฒุง ูุฑุงูุด (ูุฑุงูุด - ูุฑูุจ ูู ูููุนู)
  (
    'c9d0e1f2-a3b4-5678-9012-345678901234',
    'ุจูุชุฒุง ูุฑุงูุด',
    'ุจูุชุฒุง ุฅูุทุงููุฉ ุทุงุฒุฌุฉ ูุน ูููุงุช ูุญููุฉ ูููุฒุฉ',
    'ุฅูุทุงูู',
    '+212612345686',
    'info@pizzamarrakech.com',
    'ุดุงุฑุน ูุญูุฏ ุงูุณุงุฏุณุ ุญู ุงููุฎููุ ูุฑุงูุด',
    'ูุฑุงูุด',
    'ูุฑุงูุด',
    31.6330,
    -8.0280,
    true,
    4.6,
    18.00,
    45.00,
    22,
    NOW(),
    NOW()
  ),

-- ูุทุนู 10: ูุทุนู ุงููุตุฑ ุงูุฃุญูุฑ (ูุฑุงูุด - ูุฑูุจ ูู ูููุนู)
  (
    'd0e1f2a3-b4c5-6789-0123-456789012345',
    'ูุทุนู ุงููุตุฑ ุงูุฃุญูุฑ',
    'ูุฃูููุงุช ูุบุฑุจูุฉ ูุงุฎุฑุฉ ูู ุฃุฌูุงุก ุชูููุฏูุฉ ุฑุงููุฉ',
    'ูุบุฑุจู',
    '+212612345687',
    'info@redpalace.com',
    'ุดุงุฑุน ุงููุตุฑ ุงูุฃุญูุฑุ ูุฑุงูุด',
    'ูุฑุงูุด',
    'ูุฑุงูุด',
    31.6280,
    -8.0350,
    true,
    4.7,
    20.00,
    60.00,
    30,
    NOW(),
    NOW()
  ),

-- ูุทุนู 11: ูุทุนู ุงูุดูุงุก ุงูุฐูุจู (ูุฑุงูุด - ูุฑูุจ ูู ูููุนู)
  (
    'e1f2a3b4-c5d6-7890-1234-567890123456',
    'ูุทุนู ุงูุดูุงุก ุงูุฐูุจู',
    'ูุดููุงุช ุทุงุฒุฌุฉ ููุดููุฉ ูุน ุฃุฌูุฏ ุฃููุงุน ุงููุญูู',
    'ูุดููุงุช',
    '+212612345688',
    'info@goldengrill.com',
    'ุดุงุฑุน ุงูุดูุงุกุ ุญู ุงููุฎููุ ูุฑุงูุด',
    'ูุฑุงูุด',
    'ูุฑุงูุด',
    31.6350,
    -8.0250,
    true,
    4.6,
    15.00,
    50.00,
    25,
    NOW(),
    NOW()
  ),

-- ูุทุนู 12: ูุทุนู ุงูุณูู ุงูุฃุฎุถุฑ (ูุฑุงูุด - ูุฑูุจ ูู ูููุนู)
  (
    'f2a3b4c5-d6e7-8901-2345-678901234567',
    'ูุทุนู ุงูุณูู ุงูุฃุฎุถุฑ',
    'ุฃุทุจุงู ูุบุฑุจูุฉ ุชูููุฏูุฉ ูู ุฃุฌูุงุก ุงูุณูู ุงูุชูููุฏู',
    'ูุบุฑุจู',
    '+212612345689',
    'info@greenmarket.com',
    'ุงูุณูู ุงูุฃุฎุถุฑุ ูุฑุงูุด',
    'ูุฑุงูุด',
    'ูุฑุงูุด',
    31.6290,
    -8.0330,
    true,
    4.5,
    12.00,
    40.00,
    20,
    NOW(),
    NOW()
  ),

-- ูุทุนู 13: ูุทุนู ุงูุจุฑุฌ (ูุฑุงูุด - ูุฑูุจ ูู ูููุนู)
  (
    'a3b4c5d6-e7f8-9012-3456-789012345678',
    'ูุทุนู ุงูุจุฑุฌ',
    'ูุฌุจุงุช ุณุฑูุนุฉ ููุดููุงุช ูุน ุฅุทูุงูุฉ ุฑุงุฆุนุฉ',
    'ูุฌุจุงุช ุณุฑูุนุฉ',
    '+212612345690',
    'info@tower.com',
    'ุดุงุฑุน ุงูุจุฑุฌุ ูุฑุงูุด',
    'ูุฑุงูุด',
    'ูุฑุงูุด',
    31.6340,
    -8.0270,
    true,
    4.4,
    10.00,
    30.00,
    18,
    NOW(),
    NOW()
  ),

-- ูุทุนู 14: ูุทุนู ุงูุตุญุฑุงุก (ูุฑุงูุด - ูุฑูุจ ูู ูููุนู)
  (
    'b4c5d6e7-f8a9-0123-4567-890123456789',
    'ูุทุนู ุงูุตุญุฑุงุก',
    'ุฃุทุจุงู ุตุญุฑุงููุฉ ุฃุตููุฉ ูุน ูููุงุช ุชูููุฏูุฉ',
    'ุตุญุฑุงูู',
    '+212612345691',
    'info@desert.com',
    'ุดุงุฑุน ุงูุตุญุฑุงุกุ ูุฑุงูุด',
    'ูุฑุงูุด',
    'ูุฑุงูุด',
    31.6325,
    -8.0290,
    true,
    4.6,
    14.00,
    45.00,
    28,
    NOW(),
    NOW()
  ),

-- ูุทุนู 15: ูุทุนู ุงููุฎูู (ูุฑุงูุด - ูุฑูุจ ูู ูููุนู)
  (
    'c5d6e7f8-a9b0-1234-5678-901234567890',
    'ูุทุนู ุงููุฎูู',
    'ูุฃูููุงุช ุจุญุฑูุฉ ูุณูู ุทุงุฒุฌ ูู ุฃุฌูุงุก ูุงุฏุฆุฉ',
    'ูุฃูููุงุช ุจุญุฑูุฉ',
    '+212612345692',
    'info@palm.com',
    'ุดุงุฑุน ุงููุฎููุ ูุฑุงูุด',
    'ูุฑุงูุด',
    'ูุฑุงูุด',
    31.6305,
    -8.0315,
    true,
    4.7,
    18.00,
    55.00,
    25,
    NOW(),
    NOW()
  );

-- =====================================================
-- 2. ุงููุฆุงุช (CATEGORIES)
-- =====================================================

-- ูุฆุงุช ูุทุนู ุงูุฃุตุงูุฉ
INSERT INTO categories (id, restaurant_id, name, description, display_order, created_at, updated_at)
VALUES
  ('550e8400-e29b-41d4-a716-446655440001', 'a1b2c3d4-e5f6-7890-abcd-ef1234567890', 'ูุดููุงุช', 'ุฃุดูู ุงููุดููุงุช ุงูุทุงุฒุฌุฉ', 1, NOW(), NOW()),
  ('550e8400-e29b-41d4-a716-446655440002', 'a1b2c3d4-e5f6-7890-abcd-ef1234567890', 'ุณูุฏููุดุงุช', 'ุณูุฏููุดุงุช ูุฐูุฐุฉ ููุดุจุนุฉ', 2, NOW(), NOW()),
  ('550e8400-e29b-41d4-a716-446655440003', 'a1b2c3d4-e5f6-7890-abcd-ef1234567890', 'ุฃุทุจุงู ุชูููุฏูุฉ', 'ุฃุทุจุงู ุนุฑุจูุฉ ุฃุตููุฉ', 3, NOW(), NOW()),
  ('550e8400-e29b-41d4-a716-446655440004', 'a1b2c3d4-e5f6-7890-abcd-ef1234567890', 'ูุดุฑูุจุงุช', 'ูุดุฑูุจุงุช ุจุงุฑุฏุฉ ูุณุงุฎูุฉ', 4, NOW(), NOW());

-- ูุฆุงุช ุจูุชุฒุง ุฅูุทุงููุง
INSERT INTO categories (id, restaurant_id, name, description, display_order, created_at, updated_at)
VALUES
  ('550e8400-e29b-41d4-a716-446655440011', 'b2c3d4e5-f6a7-8901-bcde-f12345678901', 'ุจูุชุฒุง', 'ุจูุชุฒุง ุฅูุทุงููุฉ ุฃุตููุฉ', 1, NOW(), NOW()),
  ('550e8400-e29b-41d4-a716-446655440012', 'b2c3d4e5-f6a7-8901-bcde-f12345678901', 'ูุนูุฑููุฉ', 'ูุนูุฑููุฉ ุฅูุทุงููุฉ ุดููุฉ', 2, NOW(), NOW()),
  ('550e8400-e29b-41d4-a716-446655440013', 'b2c3d4e5-f6a7-8901-bcde-f12345678901', 'ุณูุทุงุช', 'ุณูุทุงุช ุทุงุฒุฌุฉ', 3, NOW(), NOW()),
  ('550e8400-e29b-41d4-a716-446655440014', 'b2c3d4e5-f6a7-8901-bcde-f12345678901', 'ูุดุฑูุจุงุช', 'ูุดุฑูุจุงุช ุฅูุทุงููุฉ', 4, NOW(), NOW());

-- ูุฆุงุช ุณูุดู ุทูููู
INSERT INTO categories (id, restaurant_id, name, description, display_order, created_at, updated_at)
VALUES
  ('550e8400-e29b-41d4-a716-446655440021', 'c3d4e5f6-a7b8-9012-cdef-123456789012', 'ุณูุดู', 'ุณูุดู ุทุงุฒุฌ ููููุงู', 1, NOW(), NOW()),
  ('550e8400-e29b-41d4-a716-446655440022', 'c3d4e5f6-a7b8-9012-cdef-123456789012', 'ุณุงุดููู', 'ุณุงุดููู ุทุงุฒุฌ', 2, NOW(), NOW()),
  ('550e8400-e29b-41d4-a716-446655440023', 'c3d4e5f6-a7b8-9012-cdef-123456789012', 'ุฑุงูู', 'ุดูุฑุจุฉ ููุฏูุฒ ูุงุจุงููุฉ', 3, NOW(), NOW()),
  ('550e8400-e29b-41d4-a716-446655440024', 'c3d4e5f6-a7b8-9012-cdef-123456789012', 'ูุดุฑูุจุงุช', 'ุดุงู ุฃุฎุถุฑ ููุดุฑูุจุงุช ูุงุจุงููุฉ', 4, NOW(), NOW());

-- ูุฆุงุช ุจุฑุฌุฑ ูุงูุณ
INSERT INTO categories (id, restaurant_id, name, description, display_order, created_at, updated_at)
VALUES
  ('550e8400-e29b-41d4-a716-446655440031', 'd4e5f6a7-b8c9-0123-def0-234567890123', 'ุจุฑุฌุฑ', 'ุจุฑุฌุฑุฒ ูุฐูุฐุฉ', 1, NOW(), NOW()),
  ('550e8400-e29b-41d4-a716-446655440032', 'd4e5f6a7-b8c9-0123-def0-234567890123', 'ูุฌุจุงุช', 'ูุฌุจุงุช ูุงููุฉ', 2, NOW(), NOW()),
  ('550e8400-e29b-41d4-a716-446655440033', 'd4e5f6a7-b8c9-0123-def0-234567890123', 'ููุจูุงุช', 'ุจุทุงุทุณ ููุฌุจุงุช ุฎูููุฉ', 3, NOW(), NOW()),
  ('550e8400-e29b-41d4-a716-446655440034', 'd4e5f6a7-b8c9-0123-def0-234567890123', 'ูุดุฑูุจุงุช', 'ูุดุฑูุจุงุช ุจุงุฑุฏุฉ', 4, NOW(), NOW());

-- ูุฆุงุช ูุทุนู ุงูุตูู ุงูุฐูุจู
INSERT INTO categories (id, restaurant_id, name, description, display_order, created_at, updated_at)
VALUES
  ('550e8400-e29b-41d4-a716-446655440041', 'e5f6a7b8-c9d0-1234-ef01-345678901234', 'ุฃุฑุฒ', 'ุฃุทุจุงู ุฃุฑุฒ ุตูููุฉ', 1, NOW(), NOW()),
  ('550e8400-e29b-41d4-a716-446655440042', 'e5f6a7b8-c9d0-1234-ef01-345678901234', 'ููุฏูุฒ', 'ููุฏูุฒ ุตูููุฉ', 2, NOW(), NOW()),
  ('550e8400-e29b-41d4-a716-446655440043', 'e5f6a7b8-c9d0-1234-ef01-345678901234', 'ุฏุฌุงุฌ', 'ุฃุทุจุงู ุฏุฌุงุฌ ุตูููุฉ', 3, NOW(), NOW()),
  ('550e8400-e29b-41d4-a716-446655440044', 'e5f6a7b8-c9d0-1234-ef01-345678901234', 'ููุจูุงุช', 'ููุจูุงุช ุตูููุฉ', 4, NOW(), NOW());

-- ูุฆุงุช ูุทุนู ุงูุฃุทูุณ
INSERT INTO categories (id, restaurant_id, name, description, display_order, created_at, updated_at)
VALUES
  ('550e8400-e29b-41d4-a716-446655440051', 'f6a7b8c9-d0e1-2345-f012-456789012345', 'ุทุงุฌูู', 'ุทุงุฌูู ูุบุฑุจู ุชูููุฏู', 1, NOW(), NOW()),
  ('550e8400-e29b-41d4-a716-446655440052', 'f6a7b8c9-d0e1-2345-f012-456789012345', 'ูุณูุณ', 'ูุณูุณ ูุบุฑุจู ุฃุตูู', 2, NOW(), NOW()),
  ('550e8400-e29b-41d4-a716-446655440053', 'f6a7b8c9-d0e1-2345-f012-456789012345', 'ูุดููุงุช', 'ูุดููุงุช ูุบุฑุจูุฉ', 3, NOW(), NOW()),
  ('550e8400-e29b-41d4-a716-446655440054', 'f6a7b8c9-d0e1-2345-f012-456789012345', 'ุญูููุงุช', 'ุญูููุงุช ูุบุฑุจูุฉ', 4, NOW(), NOW());

-- ูุฆุงุช ูุทุนู ุงูุจุญุฑ ุงูุฃุจูุถ
INSERT INTO categories (id, restaurant_id, name, description, display_order, created_at, updated_at)
VALUES
  ('550e8400-e29b-41d4-a716-446655440061', 'a7b8c9d0-e1f2-3456-0123-567890123456', 'ุณูู ูุดูู', 'ุณูู ุทุงุฒุฌ ูุดูู', 1, NOW(), NOW()),
  ('550e8400-e29b-41d4-a716-446655440062', 'a7b8c9d0-e1f2-3456-0123-567890123456', 'ุฌูุจุฑู', 'ุฌูุจุฑู ุทุงุฒุฌ', 2, NOW(), NOW()),
  ('550e8400-e29b-41d4-a716-446655440063', 'a7b8c9d0-e1f2-3456-0123-567890123456', 'ุณูุทุงุช ุจุญุฑูุฉ', 'ุณูุทุงุช ุจุงูุฃุณูุงู ุงูุทุงุฒุฌุฉ', 3, NOW(), NOW()),
  ('550e8400-e29b-41d4-a716-446655440064', 'a7b8c9d0-e1f2-3456-0123-567890123456', 'ุญุณุงุก', 'ุญุณุงุก ุจุญุฑู', 4, NOW(), NOW());

-- ูุฆุงุช ูุทุนู ุงูุญูููุงุช ุงูุดุฑููุฉ
INSERT INTO categories (id, restaurant_id, name, description, display_order, created_at, updated_at)
VALUES
  ('550e8400-e29b-41d4-a716-446655440071', 'b8c9d0e1-f2a3-4567-1234-678901234567', 'ููุงูุฉ', 'ููุงูุฉ ุทุงุฒุฌุฉ', 1, NOW(), NOW()),
  ('550e8400-e29b-41d4-a716-446655440072', 'b8c9d0e1-f2a3-4567-1234-678901234567', 'ุจููุงูุฉ', 'ุจููุงูุฉ ูุญุดูุฉ', 2, NOW(), NOW()),
  ('550e8400-e29b-41d4-a716-446655440073', 'b8c9d0e1-f2a3-4567-1234-678901234567', 'ุญูููุงุช ุนุฑุจูุฉ', 'ุญูููุงุช ุนุฑุจูุฉ ูุชููุนุฉ', 3, NOW(), NOW()),
  ('550e8400-e29b-41d4-a716-446655440074', 'b8c9d0e1-f2a3-4567-1234-678901234567', 'ูุดุฑูุจุงุช', 'ุดุงู ููููุฉ', 4, NOW(), NOW());

-- ูุฆุงุช ูุทุนู ุฌุงูุน ุงูููุง (ูุฑุงูุด)
INSERT INTO categories (id, restaurant_id, name, description, display_order, created_at, updated_at)
VALUES
  ('550e8400-e29b-41d4-a716-446655440081', 'a7b8c9d0-e1f2-3456-0123-567890123456', 'ุทุงุฌูู', 'ุทุงุฌูู ูุบุฑุจู ุชูููุฏู', 1, NOW(), NOW()),
  ('550e8400-e29b-41d4-a716-446655440082', 'a7b8c9d0-e1f2-3456-0123-567890123456', 'ูุณูุณ', 'ูุณูุณ ูุบุฑุจู ุฃุตูู', 2, NOW(), NOW()),
  ('550e8400-e29b-41d4-a716-446655440083', 'a7b8c9d0-e1f2-3456-0123-567890123456', 'ูุดููุงุช', 'ูุดููุงุช ูุบุฑุจูุฉ', 3, NOW(), NOW()),
  ('550e8400-e29b-41d4-a716-446655440084', 'a7b8c9d0-e1f2-3456-0123-567890123456', 'ูุดุฑูุจุงุช', 'ุดุงู ููููุฉ', 4, NOW(), NOW());

-- ูุฆุงุช ุจูุชุฒุง ูุฑุงูุด
INSERT INTO categories (id, restaurant_id, name, description, display_order, created_at, updated_at)
VALUES
  ('550e8400-e29b-41d4-a716-446655440091', 'c9d0e1f2-a3b4-5678-9012-345678901234', 'ุจูุชุฒุง', 'ุจูุชุฒุง ุฅูุทุงููุฉ', 1, NOW(), NOW()),
  ('550e8400-e29b-41d4-a716-446655440092', 'c9d0e1f2-a3b4-5678-9012-345678901234', 'ูุนูุฑููุฉ', 'ูุนูุฑููุฉ ุฅูุทุงููุฉ', 2, NOW(), NOW()),
  ('550e8400-e29b-41d4-a716-446655440093', 'c9d0e1f2-a3b4-5678-9012-345678901234', 'ุณูุทุงุช', 'ุณูุทุงุช ุทุงุฒุฌุฉ', 3, NOW(), NOW()),
  ('550e8400-e29b-41d4-a716-446655440094', 'c9d0e1f2-a3b4-5678-9012-345678901234', 'ูุดุฑูุจุงุช', 'ูุดุฑูุจุงุช ุจุงุฑุฏุฉ', 4, NOW(), NOW());

-- ูุฆุงุช ูุทุนู ุงููุตุฑ ุงูุฃุญูุฑ
INSERT INTO categories (id, restaurant_id, name, description, display_order, created_at, updated_at)
VALUES
  ('550e8400-e29b-41d4-a716-446655440101', 'd0e1f2a3-b4c5-6789-0123-456789012345', 'ุฃุทุจุงู ูุงุฎุฑุฉ', 'ุฃุทุจุงู ูุบุฑุจูุฉ ูุงุฎุฑุฉ', 1, NOW(), NOW()),
  ('550e8400-e29b-41d4-a716-446655440102', 'd0e1f2a3-b4c5-6789-0123-456789012345', 'ุทุงุฌูู', 'ุทุงุฌูู ุชูููุฏู', 2, NOW(), NOW()),
  ('550e8400-e29b-41d4-a716-446655440103', 'd0e1f2a3-b4c5-6789-0123-456789012345', 'ูุดููุงุช', 'ูุดููุงุช ูุงุฎุฑุฉ', 3, NOW(), NOW()),
  ('550e8400-e29b-41d4-a716-446655440104', 'd0e1f2a3-b4c5-6789-0123-456789012345', 'ุญูููุงุช', 'ุญูููุงุช ูุบุฑุจูุฉ', 4, NOW(), NOW());

-- ูุฆุงุช ูุทุนู ุงูุดูุงุก ุงูุฐูุจู
INSERT INTO categories (id, restaurant_id, name, description, display_order, created_at, updated_at)
VALUES
  ('550e8400-e29b-41d4-a716-446655440111', 'e1f2a3b4-c5d6-7890-1234-567890123456', 'ูุดููุงุช', 'ูุดููุงุช ุทุงุฒุฌุฉ', 1, NOW(), NOW()),
  ('550e8400-e29b-41d4-a716-446655440112', 'e1f2a3b4-c5d6-7890-1234-567890123456', 'ูุจุงุจ', 'ูุจุงุจ ูุดูู', 2, NOW(), NOW()),
  ('550e8400-e29b-41d4-a716-446655440113', 'e1f2a3b4-c5d6-7890-1234-567890123456', 'ุณูุทุงุช', 'ุณูุทุงุช ุทุงุฒุฌุฉ', 3, NOW(), NOW()),
  ('550e8400-e29b-41d4-a716-446655440114', 'e1f2a3b4-c5d6-7890-1234-567890123456', 'ูุดุฑูุจุงุช', 'ูุดุฑูุจุงุช ุจุงุฑุฏุฉ', 4, NOW(), NOW());

-- ูุฆุงุช ูุทุนู ุงูุณูู ุงูุฃุฎุถุฑ
INSERT INTO categories (id, restaurant_id, name, description, display_order, created_at, updated_at)
VALUES
  ('550e8400-e29b-41d4-a716-446655440121', 'f2a3b4c5-d6e7-8901-2345-678901234567', 'ุทุงุฌูู', 'ุทุงุฌูู ุชูููุฏู', 1, NOW(), NOW()),
  ('550e8400-e29b-41d4-a716-446655440122', 'f2a3b4c5-d6e7-8901-2345-678901234567', 'ูุณูุณ', 'ูุณูุณ ูุบุฑุจู', 2, NOW(), NOW()),
  ('550e8400-e29b-41d4-a716-446655440123', 'f2a3b4c5-d6e7-8901-2345-678901234567', 'ุณูุฏููุดุงุช', 'ุณูุฏููุดุงุช ุชูููุฏูุฉ', 3, NOW(), NOW()),
  ('550e8400-e29b-41d4-a716-446655440124', 'f2a3b4c5-d6e7-8901-2345-678901234567', 'ูุดุฑูุจุงุช', 'ุดุงู ููููุฉ', 4, NOW(), NOW());

-- ูุฆุงุช ูุทุนู ุงูุจุฑุฌ
INSERT INTO categories (id, restaurant_id, name, description, display_order, created_at, updated_at)
VALUES
  ('550e8400-e29b-41d4-a716-446655440131', 'a3b4c5d6-e7f8-9012-3456-789012345678', 'ุจุฑุฌุฑ', 'ุจุฑุฌุฑุฒ ูุฐูุฐุฉ', 1, NOW(), NOW()),
  ('550e8400-e29b-41d4-a716-446655440132', 'a3b4c5d6-e7f8-9012-3456-789012345678', 'ูุดููุงุช', 'ูุดููุงุช ุณุฑูุนุฉ', 2, NOW(), NOW()),
  ('550e8400-e29b-41d4-a716-446655440133', 'a3b4c5d6-e7f8-9012-3456-789012345678', 'ููุจูุงุช', 'ููุจูุงุช ุฎูููุฉ', 3, NOW(), NOW()),
  ('550e8400-e29b-41d4-a716-446655440134', 'a3b4c5d6-e7f8-9012-3456-789012345678', 'ูุดุฑูุจุงุช', 'ูุดุฑูุจุงุช ุจุงุฑุฏุฉ', 4, NOW(), NOW());

-- ูุฆุงุช ูุทุนู ุงูุตุญุฑุงุก
INSERT INTO categories (id, restaurant_id, name, description, display_order, created_at, updated_at)
VALUES
  ('550e8400-e29b-41d4-a716-446655440141', 'b4c5d6e7-f8a9-0123-4567-890123456789', 'ุฃุทุจุงู ุตุญุฑุงููุฉ', 'ุฃุทุจุงู ุตุญุฑุงููุฉ ุฃุตููุฉ', 1, NOW(), NOW()),
  ('550e8400-e29b-41d4-a716-446655440142', 'b4c5d6e7-f8a9-0123-4567-890123456789', 'ูุญู ุฌูู', 'ุฃุทุจุงู ูุญู ุฌูู', 2, NOW(), NOW()),
  ('550e8400-e29b-41d4-a716-446655440143', 'b4c5d6e7-f8a9-0123-4567-890123456789', 'ูุณูุณ', 'ูุณูุณ ุตุญุฑุงูู', 3, NOW(), NOW()),
  ('550e8400-e29b-41d4-a716-446655440144', 'b4c5d6e7-f8a9-0123-4567-890123456789', 'ูุดุฑูุจุงุช', 'ุดุงู ุตุญุฑุงูู', 4, NOW(), NOW());

-- ูุฆุงุช ูุทุนู ุงููุฎูู
INSERT INTO categories (id, restaurant_id, name, description, display_order, created_at, updated_at)
VALUES
  ('550e8400-e29b-41d4-a716-446655440151', 'c5d6e7f8-a9b0-1234-5678-901234567890', 'ุณูู ูุดูู', 'ุณูู ุทุงุฒุฌ ูุดูู', 1, NOW(), NOW()),
  ('550e8400-e29b-41d4-a716-446655440152', 'c5d6e7f8-a9b0-1234-5678-901234567890', 'ุฌูุจุฑู', 'ุฌูุจุฑู ุทุงุฒุฌ', 2, NOW(), NOW()),
  ('550e8400-e29b-41d4-a716-446655440153', 'c5d6e7f8-a9b0-1234-5678-901234567890', 'ุณูุทุงุช ุจุญุฑูุฉ', 'ุณูุทุงุช ุจุงูุฃุณูุงู', 3, NOW(), NOW()),
  ('550e8400-e29b-41d4-a716-446655440154', 'c5d6e7f8-a9b0-1234-5678-901234567890', 'ูุดุฑูุจุงุช', 'ูุดุฑูุจุงุช ุจุงุฑุฏุฉ', 4, NOW(), NOW());

-- =====================================================
-- 3. ุงูููุชุฌุงุช (MENU ITEMS)
-- =====================================================

-- ููุชุฌุงุช ูุทุนู ุงูุฃุตุงูุฉ
INSERT INTO menu_items (id, restaurant_id, category_id, name, description, price, is_available, is_vegetarian, preparation_time, created_at, updated_at)
VALUES
  ('660e8400-e29b-41d4-a716-446655440001', 'a1b2c3d4-e5f6-7890-abcd-ef1234567890', '550e8400-e29b-41d4-a716-446655440001', 'ูุจุงุจ ูุดูู', 'ูุจุงุจ ูุดูู ุทุงุฒุฌ ูุน ุงูุฃุฑุฒ ูุงูุณูุทุฉ', 45.00, true, false, 20, NOW(), NOW()),
  ('660e8400-e29b-41d4-a716-446655440002', 'a1b2c3d4-e5f6-7890-abcd-ef1234567890', '550e8400-e29b-41d4-a716-446655440001', 'ูุดููุงุช ูุดููุฉ', 'ุทุจู ูุดููุงุช ูุชููุนุฉ ูุน ุงูุฃุฑุฒ ูุงูุณูุทุฉ', 80.00, true, false, 25, NOW(), NOW()),
  ('660e8400-e29b-41d4-a716-446655440003', 'a1b2c3d4-e5f6-7890-abcd-ef1234567890', '550e8400-e29b-41d4-a716-446655440002', 'ุดุงูุฑูุง ุฏุฌุงุฌ', 'ุดุงูุฑูุง ุฏุฌุงุฌ ูุน ุงูุฎุถุงุฑ ูุงูุตูุตุฉ', 35.00, true, false, 15, NOW(), NOW()),
  ('660e8400-e29b-41d4-a716-446655440004', 'a1b2c3d4-e5f6-7890-abcd-ef1234567890', '550e8400-e29b-41d4-a716-446655440002', 'ุดุงูุฑูุง ูุญู', 'ุดุงูุฑูุง ูุญู ูุน ุงูุฎุถุงุฑ ูุงูุตูุตุฉ', 40.00, true, false, 15, NOW(), NOW()),
  ('660e8400-e29b-41d4-a716-446655440005', 'a1b2c3d4-e5f6-7890-abcd-ef1234567890', '550e8400-e29b-41d4-a716-446655440003', 'ุทุงุฌูู ูุญู', 'ุทุงุฌูู ูุญู ุชูููุฏู ูุน ุงูุฎุถุงุฑ', 55.00, true, false, 30, NOW(), NOW()),
  ('660e8400-e29b-41d4-a716-446655440006', 'a1b2c3d4-e5f6-7890-abcd-ef1234567890', '550e8400-e29b-41d4-a716-446655440003', 'ููุณู', 'ููุณู ูุญู ูุน ุงูุฃุฑุฒ ูุงููุจู', 60.00, true, false, 35, NOW(), NOW()),
  ('660e8400-e29b-41d4-a716-446655440007', 'a1b2c3d4-e5f6-7890-abcd-ef1234567890', '550e8400-e29b-41d4-a716-446655440004', 'ุนุตูุฑ ุจุฑุชูุงู', 'ุนุตูุฑ ุจุฑุชูุงู ุทุงุฒุฌ', 15.00, true, true, 5, NOW(), NOW()),
  ('660e8400-e29b-41d4-a716-446655440008', 'a1b2c3d4-e5f6-7890-abcd-ef1234567890', '550e8400-e29b-41d4-a716-446655440004', 'ุดุงู ุจุงููุนูุงุน', 'ุดุงู ุฃุฎุถุฑ ุจุงููุนูุงุน ุงูุทุงุฒุฌ', 10.00, true, true, 5, NOW(), NOW());

-- ููุชุฌุงุช ุจูุชุฒุง ุฅูุทุงููุง
INSERT INTO menu_items (id, restaurant_id, category_id, name, description, price, is_available, is_vegetarian, preparation_time, created_at, updated_at)
VALUES
  ('660e8400-e29b-41d4-a716-446655440011', 'b2c3d4e5-f6a7-8901-bcde-f12345678901', '550e8400-e29b-41d4-a716-446655440011', 'ุจูุชุฒุง ูุงุฑุบุฑูุชุง', 'ุจูุชุฒุง ุจุงูุฌุจู ูุงูุทูุงุทู ุงูุทุงุฒุฌุฉ', 55.00, true, true, 18, NOW(), NOW()),
  ('660e8400-e29b-41d4-a716-446655440012', 'b2c3d4e5-f6a7-8901-bcde-f12345678901', '550e8400-e29b-41d4-a716-446655440011', 'ุจูุชุฒุง ุจูุจุฑููู', 'ุจูุชุฒุง ุจุงูุจูุจุฑููู ูุงูุฌุจู', 65.00, true, false, 20, NOW(), NOW()),
  ('660e8400-e29b-41d4-a716-446655440013', 'b2c3d4e5-f6a7-8901-bcde-f12345678901', '550e8400-e29b-41d4-a716-446655440011', 'ุจูุชุฒุง ูุงูุงู', 'ุจูุชุฒุง ุจุงูุฃูุงูุงุณ ูุงููุญู', 60.00, true, false, 22, NOW(), NOW()),
  ('660e8400-e29b-41d4-a716-446655440014', 'b2c3d4e5-f6a7-8901-bcde-f12345678901', '550e8400-e29b-41d4-a716-446655440011', 'ุจูุชุฒุง ููุฑ ุณูุฒูู', 'ุจูุชุฒุง ุจุฃุฑุจุน ุฃููุงุน ูู ุงูุฌุจู', 70.00, true, true, 20, NOW(), NOW()),
  ('660e8400-e29b-41d4-a716-446655440015', 'b2c3d4e5-f6a7-8901-bcde-f12345678901', '550e8400-e29b-41d4-a716-446655440012', 'ูุนูุฑููุฉ ุจูููููุฒ', 'ูุนูุฑููุฉ ุจุงููุญู ุงูููุฑูู ูุงูุตูุตุฉ', 40.00, true, false, 15, NOW(), NOW()),
  ('660e8400-e29b-41d4-a716-446655440016', 'b2c3d4e5-f6a7-8901-bcde-f12345678901', '550e8400-e29b-41d4-a716-446655440012', 'ูุนูุฑููุฉ ูุงุฑุจููุงุฑุง', 'ูุนูุฑููุฉ ุจุงูุจูุถ ูุงูุฌุจู ูุงููุญู', 45.00, true, false, 18, NOW(), NOW()),
  ('660e8400-e29b-41d4-a716-446655440017', 'b2c3d4e5-f6a7-8901-bcde-f12345678901', '550e8400-e29b-41d4-a716-446655440013', 'ุณูุทุฉ ุณูุฒุฑ', 'ุณูุทุฉ ุณูุฒุฑ ุจุงูุฏุฌุงุฌ ูุงูุฌุจู', 35.00, true, false, 10, NOW(), NOW()),
  ('660e8400-e29b-41d4-a716-446655440018', 'b2c3d4e5-f6a7-8901-bcde-f12345678901', '550e8400-e29b-41d4-a716-446655440014', 'ูููุง', 'ูุดุฑูุจ ุบุงุฒู', 12.00, true, true, 2, NOW(), NOW());

-- ููุชุฌุงุช ุณูุดู ุทูููู
INSERT INTO menu_items (id, restaurant_id, category_id, name, description, price, is_available, is_vegetarian, preparation_time, created_at, updated_at)
VALUES
  ('660e8400-e29b-41d4-a716-446655440021', 'c3d4e5f6-a7b8-9012-cdef-123456789012', '550e8400-e29b-41d4-a716-446655440021', 'ุณูุดู ุณุงูููู', 'ุณูุดู ุณุงูููู ุทุงุฒุฌ (6 ูุทุน)', 75.00, true, false, 15, NOW(), NOW()),
  ('660e8400-e29b-41d4-a716-446655440022', 'c3d4e5f6-a7b8-9012-cdef-123456789012', '550e8400-e29b-41d4-a716-446655440021', 'ุณูุดู ุชููุฉ', 'ุณูุดู ุชููุฉ ุทุงุฒุฌุฉ (6 ูุทุน)', 70.00, true, false, 15, NOW(), NOW()),
  ('660e8400-e29b-41d4-a716-446655440023', 'c3d4e5f6-a7b8-9012-cdef-123456789012', '550e8400-e29b-41d4-a716-446655440021', 'ุณูุดู ุฌูุจุฑู', 'ุณูุดู ุฌูุจุฑู ูููู (6 ูุทุน)', 65.00, true, false, 12, NOW(), NOW()),
  ('660e8400-e29b-41d4-a716-446655440024', 'c3d4e5f6-a7b8-9012-cdef-123456789012', '550e8400-e29b-41d4-a716-446655440021', 'ุณูุดู ูุดูู', 'ุทุจู ุณูุดู ูุชููุน (12 ูุทุนุฉ)', 120.00, true, false, 20, NOW(), NOW()),
  ('660e8400-e29b-41d4-a716-446655440025', 'c3d4e5f6-a7b8-9012-cdef-123456789012', '550e8400-e29b-41d4-a716-446655440022', 'ุณุงุดููู ุณุงูููู', 'ุณุงุดููู ุณุงูููู ุทุงุฒุฌ', 80.00, true, false, 10, NOW(), NOW()),
  ('660e8400-e29b-41d4-a716-446655440026', 'c3d4e5f6-a7b8-9012-cdef-123456789012', '550e8400-e29b-41d4-a716-446655440023', 'ุฑุงูู ููุฏูุฒ', 'ุดูุฑุจุฉ ููุฏูุฒ ูุงุจุงููุฉ', 45.00, true, false, 10, NOW(), NOW()),
  ('660e8400-e29b-41d4-a716-446655440027', 'c3d4e5f6-a7b8-9012-cdef-123456789012', '550e8400-e29b-41d4-a716-446655440024', 'ุดุงู ุฃุฎุถุฑ', 'ุดุงู ุฃุฎุถุฑ ูุงุจุงูู', 15.00, true, true, 3, NOW(), NOW());

-- ููุชุฌุงุช ุจุฑุฌุฑ ูุงูุณ
INSERT INTO menu_items (id, restaurant_id, category_id, name, description, price, is_available, is_vegetarian, preparation_time, created_at, updated_at)
VALUES
  ('660e8400-e29b-41d4-a716-446655440031', 'd4e5f6a7-b8c9-0123-def0-234567890123', '550e8400-e29b-41d4-a716-446655440031', 'ุจุฑุฌุฑ ููุงุณูู', 'ุจุฑุฌุฑ ูุญู ูุน ุงูุฎุถุงุฑ ูุงูุตูุตุฉ', 35.00, true, false, 12, NOW(), NOW()),
  ('660e8400-e29b-41d4-a716-446655440032', 'd4e5f6a7-b8c9-0123-def0-234567890123', '550e8400-e29b-41d4-a716-446655440031', 'ุจุฑุฌุฑ ุฏุฌุงุฌ', 'ุจุฑุฌุฑ ุฏุฌุงุฌ ููุฑูุด', 30.00, true, false, 10, NOW(), NOW()),
  ('660e8400-e29b-41d4-a716-446655440033', 'd4e5f6a7-b8c9-0123-def0-234567890123', '550e8400-e29b-41d4-a716-446655440031', 'ุจุฑุฌุฑ ุฏุจู', 'ุจุฑุฌุฑ ูุฒุฏูุฌ ุจุงูุฌุจู', 45.00, true, false, 15, NOW(), NOW()),
  ('660e8400-e29b-41d4-a716-446655440034', 'd4e5f6a7-b8c9-0123-def0-234567890123', '550e8400-e29b-41d4-a716-446655440032', 'ูุฌุจุฉ ุจุฑุฌุฑ ูุงููุฉ', 'ุจุฑุฌุฑ ูุน ุจุทุงุทุณ ููุดุฑูุจ', 50.00, true, false, 15, NOW(), NOW()),
  ('660e8400-e29b-41d4-a716-446655440035', 'd4e5f6a7-b8c9-0123-def0-234567890123', '550e8400-e29b-41d4-a716-446655440033', 'ุจุทุงุทุณ ููููุฉ', 'ุจุทุงุทุณ ููููุฉ ููุฑูุดุฉ', 15.00, true, true, 5, NOW(), NOW()),
  ('660e8400-e29b-41d4-a716-446655440036', 'd4e5f6a7-b8c9-0123-def0-234567890123', '550e8400-e29b-41d4-a716-446655440033', 'ุญููุงุช ุจุตู', 'ุญููุงุช ุจุตู ููููุฉ', 18.00, true, true, 6, NOW(), NOW()),
  ('660e8400-e29b-41d4-a716-446655440037', 'd4e5f6a7-b8c9-0123-def0-234567890123', '550e8400-e29b-41d4-a716-446655440034', 'ูููู ุดูู', 'ูููู ุดูู ุจุงููุงููููุง', 20.00, true, true, 3, NOW(), NOW());

-- ููุชุฌุงุช ูุทุนู ุงูุตูู ุงูุฐูุจู
INSERT INTO menu_items (id, restaurant_id, category_id, name, description, price, is_available, is_vegetarian, preparation_time, created_at, updated_at)
VALUES
  ('660e8400-e29b-41d4-a716-446655440041', 'e5f6a7b8-c9d0-1234-ef01-345678901234', '550e8400-e29b-41d4-a716-446655440041', 'ุฃุฑุฒ ูููู ุจุงูุฏุฌุงุฌ', 'ุฃุฑุฒ ูููู ุจุงูุฏุฌุงุฌ ูุงูุฎุถุงุฑ', 40.00, true, false, 15, NOW(), NOW()),
  ('660e8400-e29b-41d4-a716-446655440042', 'e5f6a7b8-c9d0-1234-ef01-345678901234', '550e8400-e29b-41d4-a716-446655440041', 'ุฃุฑุฒ ูููู ุจุงูุฌูุจุฑู', 'ุฃุฑุฒ ูููู ุจุงูุฌูุจุฑู ูุงูุฎุถุงุฑ', 45.00, true, false, 18, NOW(), NOW()),
  ('660e8400-e29b-41d4-a716-446655440043', 'e5f6a7b8-c9d0-1234-ef01-345678901234', '550e8400-e29b-41d4-a716-446655440042', 'ููุฏูุฒ ุจุงูุฎุถุงุฑ', 'ููุฏูุฒ ุตูููุฉ ุจุงูุฎุถุงุฑ ุงูุทุงุฒุฌุฉ', 35.00, true, true, 12, NOW(), NOW()),
  ('660e8400-e29b-41d4-a716-446655440044', 'e5f6a7b8-c9d0-1234-ef01-345678901234', '550e8400-e29b-41d4-a716-446655440042', 'ููุฏูุฒ ุจุงูุฏุฌุงุฌ', 'ููุฏูุฒ ุจุงูุฏุฌุงุฌ ูุงูุฎุถุงุฑ', 38.00, true, false, 15, NOW(), NOW()),
  ('660e8400-e29b-41d4-a716-446655440045', 'e5f6a7b8-c9d0-1234-ef01-345678901234', '550e8400-e29b-41d4-a716-446655440043', 'ุฏุฌุงุฌ ุจุงูุนุณู', 'ุฏุฌุงุฌ ูููู ุจุงูุนุณู ูุงูุณูุณู', 50.00, true, false, 20, NOW(), NOW()),
  ('660e8400-e29b-41d4-a716-446655440046', 'e5f6a7b8-c9d0-1234-ef01-345678901234', '550e8400-e29b-41d4-a716-446655440043', 'ุฏุฌุงุฌ ุญูู ูุญุงูุถ', 'ุฏุฌุงุฌ ุจุงูุตูุตุฉ ุงูุญููุฉ ูุงูุญุงูุถุฉ', 48.00, true, false, 22, NOW(), NOW()),
  ('660e8400-e29b-41d4-a716-446655440047', 'e5f6a7b8-c9d0-1234-ef01-345678901234', '550e8400-e29b-41d4-a716-446655440044', 'ุณุจุฑููุบ ุฑููุฒ', 'ููุงุฆู ุงูุฑุจูุน ุงูููุฑูุดุฉ (4 ูุทุน)', 25.00, true, true, 8, NOW(), NOW()),
  ('660e8400-e29b-41d4-a716-446655440048', 'e5f6a7b8-c9d0-1234-ef01-345678901234', '550e8400-e29b-41d4-a716-446655440044', 'ูููุชูู', 'ูููุชูู ูููู (6 ูุทุน)', 28.00, true, false, 10, NOW(), NOW());

-- ููุชุฌุงุช ูุทุนู ุงูุฃุทูุณ
INSERT INTO menu_items (id, restaurant_id, category_id, name, description, price, is_available, is_vegetarian, preparation_time, created_at, updated_at)
VALUES
  ('660e8400-e29b-41d4-a716-446655440051', 'f6a7b8c9-d0e1-2345-f012-456789012345', '550e8400-e29b-41d4-a716-446655440051', 'ุทุงุฌูู ูุญู', 'ุทุงุฌูู ูุญู ุชูููุฏู ูุน ุงูุฎุถุงุฑ', 55.00, true, false, 30, NOW(), NOW()),
  ('660e8400-e29b-41d4-a716-446655440052', 'f6a7b8c9-d0e1-2345-f012-456789012345', '550e8400-e29b-41d4-a716-446655440051', 'ุทุงุฌูู ุฏุฌุงุฌ', 'ุทุงุฌูู ุฏุฌุงุฌ ุจุงูููููู ูุงูุฒูุชูู', 50.00, true, false, 25, NOW(), NOW()),
  ('660e8400-e29b-41d4-a716-446655440053', 'f6a7b8c9-d0e1-2345-f012-456789012345', '550e8400-e29b-41d4-a716-446655440051', 'ุทุงุฌูู ุณูู', 'ุทุงุฌูู ุณูู ุจุงูุฎุถุงุฑ', 60.00, true, false, 28, NOW(), NOW()),
  ('660e8400-e29b-41d4-a716-446655440054', 'f6a7b8c9-d0e1-2345-f012-456789012345', '550e8400-e29b-41d4-a716-446655440052', 'ูุณูุณ ุจุงูุฎุถุงุฑ', 'ูุณูุณ ุชูููุฏู ุจุงูุฎุถุงุฑ ุงูุทุงุฒุฌุฉ', 45.00, true, true, 25, NOW(), NOW()),
  ('660e8400-e29b-41d4-a716-446655440055', 'f6a7b8c9-d0e1-2345-f012-456789012345', '550e8400-e29b-41d4-a716-446655440052', 'ูุณูุณ ุจุงููุญู', 'ูุณูุณ ุจุงููุญู ูุงูุฎุถุงุฑ', 50.00, true, false, 30, NOW(), NOW()),
  ('660e8400-e29b-41d4-a716-446655440056', 'f6a7b8c9-d0e1-2345-f012-456789012345', '550e8400-e29b-41d4-a716-446655440053', 'ูุญู ูุดูู', 'ูุญู ูุดูู ูุน ุงูุชูุงุจู ุงููุบุฑุจูุฉ', 60.00, true, false, 30, NOW(), NOW()),
  ('660e8400-e29b-41d4-a716-446655440057', 'f6a7b8c9-d0e1-2345-f012-456789012345', '550e8400-e29b-41d4-a716-446655440053', 'ุฏุฌุงุฌ ูุดูู', 'ุฏุฌุงุฌ ูุดูู ุจุงูุฒุนูุฑุงู', 55.00, true, false, 25, NOW(), NOW()),
  ('660e8400-e29b-41d4-a716-446655440058', 'f6a7b8c9-d0e1-2345-f012-456789012345', '550e8400-e29b-41d4-a716-446655440054', 'ุจุณุทููุฉ', 'ุจุณุทููุฉ ูุบุฑุจูุฉ ุจุงูุฏุฌุงุฌ ูุงูููุฒ', 40.00, true, false, 20, NOW(), NOW()),
  ('660e8400-e29b-41d4-a716-446655440059', 'f6a7b8c9-d0e1-2345-f012-456789012345', '550e8400-e29b-41d4-a716-446655440054', 'ุญููู ูุบุฑุจูุฉ', 'ุญููู ูุบุฑุจูุฉ ุชูููุฏูุฉ', 30.00, true, true, 10, NOW(), NOW());

-- ููุชุฌุงุช ูุทุนู ุงูุจุญุฑ ุงูุฃุจูุถ
INSERT INTO menu_items (id, restaurant_id, category_id, name, description, price, is_available, is_vegetarian, preparation_time, created_at, updated_at)
VALUES
  ('660e8400-e29b-41d4-a716-446655440061', 'a7b8c9d0-e1f2-3456-0123-567890123456', '550e8400-e29b-41d4-a716-446655440061', 'ุณูู ูุดูู', 'ุณูู ุทุงุฒุฌ ูุดูู ูุน ุงูุฃุนุดุงุจ', 55.00, true, false, 20, NOW(), NOW()),
  ('660e8400-e29b-41d4-a716-446655440062', 'a7b8c9d0-e1f2-3456-0123-567890123456', '550e8400-e29b-41d4-a716-446655440061', 'ุณูู ูููู', 'ุณูู ุทุงุฒุฌ ูููู', 50.00, true, false, 18, NOW(), NOW()),
  ('660e8400-e29b-41d4-a716-446655440063', 'a7b8c9d0-e1f2-3456-0123-567890123456', '550e8400-e29b-41d4-a716-446655440062', 'ุฌูุจุฑู ูุดูู', 'ุฌูุจุฑู ุทุงุฒุฌ ูุดูู ุจุงูุซูู', 60.00, true, false, 15, NOW(), NOW()),
  ('660e8400-e29b-41d4-a716-446655440064', 'a7b8c9d0-e1f2-3456-0123-567890123456', '550e8400-e29b-41d4-a716-446655440062', 'ุฌูุจุฑู ูููู', 'ุฌูุจุฑู ูููู ุจุงูุจูุณูุงุท', 58.00, true, false, 12, NOW(), NOW()),
  ('660e8400-e29b-41d4-a716-446655440065', 'a7b8c9d0-e1f2-3456-0123-567890123456', '550e8400-e29b-41d4-a716-446655440063', 'ุณูุทุฉ ุจุญุฑูุฉ', 'ุณูุทุฉ ุจุงูุฃุณูุงู ุงูุทุงุฒุฌุฉ', 40.00, true, false, 10, NOW(), NOW()),
  ('660e8400-e29b-41d4-a716-446655440066', 'a7b8c9d0-e1f2-3456-0123-567890123456', '550e8400-e29b-41d4-a716-446655440064', 'ุญุณุงุก ุณูู', 'ุญุณุงุก ุณูู ุจุงูุฎุถุงุฑ ุงูุจุญุฑูุฉ', 35.00, true, false, 15, NOW(), NOW());

-- ููุชุฌุงุช ูุทุนู ุงูุญูููุงุช ุงูุดุฑููุฉ
INSERT INTO menu_items (id, restaurant_id, category_id, name, description, price, is_available, is_vegetarian, preparation_time, created_at, updated_at)
VALUES
  ('660e8400-e29b-41d4-a716-446655440071', 'b8c9d0e1-f2a3-4567-1234-678901234567', '550e8400-e29b-41d4-a716-446655440071', 'ููุงูุฉ ูุงุจูุณูุฉ', 'ููุงูุฉ ูุงุจูุณูุฉ ุทุงุฒุฌุฉ', 35.00, true, true, 10, NOW(), NOW()),
  ('660e8400-e29b-41d4-a716-446655440072', 'b8c9d0e1-f2a3-4567-1234-678901234567', '550e8400-e29b-41d4-a716-446655440071', 'ููุงูุฉ ุจุงูุฌุจู', 'ููุงูุฉ ุจุงูุฌุจู ุงูุทุงุฒุฌ', 30.00, true, true, 10, NOW(), NOW()),
  ('660e8400-e29b-41d4-a716-446655440073', 'b8c9d0e1-f2a3-4567-1234-678901234567', '550e8400-e29b-41d4-a716-446655440072', 'ุจููุงูุฉ ุจุงููุณุชู', 'ุจููุงูุฉ ูุญุดูุฉ ุจุงููุณุชู', 40.00, true, true, 8, NOW(), NOW()),
  ('660e8400-e29b-41d4-a716-446655440074', 'b8c9d0e1-f2a3-4567-1234-678901234567', '550e8400-e29b-41d4-a716-446655440072', 'ุจููุงูุฉ ุจุงูุฌูุฒ', 'ุจููุงูุฉ ูุญุดูุฉ ุจุงูุฌูุฒ', 38.00, true, true, 8, NOW(), NOW()),
  ('660e8400-e29b-41d4-a716-446655440075', 'b8c9d0e1-f2a3-4567-1234-678901234567', '550e8400-e29b-41d4-a716-446655440073', 'ูุนููู', 'ูุนููู ุจุงูุชูุฑ ูุงูููุฒ', 25.00, true, true, 5, NOW(), NOW()),
  ('660e8400-e29b-41d4-a716-446655440076', 'b8c9d0e1-f2a3-4567-1234-678901234567', '550e8400-e29b-41d4-a716-446655440073', 'ุญููู ุงูุฌุจู', 'ุญููู ุงูุฌุจู ุงูุนุฑุจูุฉ', 28.00, true, true, 5, NOW(), NOW()),
  ('660e8400-e29b-41d4-a716-446655440077', 'b8c9d0e1-f2a3-4567-1234-678901234567', '550e8400-e29b-41d4-a716-446655440074', 'ุดุงู ุจุงููุนูุงุน', 'ุดุงู ุฃุฎุถุฑ ุจุงููุนูุงุน', 10.00, true, true, 5, NOW(), NOW()),
  ('660e8400-e29b-41d4-a716-446655440078', 'b8c9d0e1-f2a3-4567-1234-678901234567', '550e8400-e29b-41d4-a716-446655440074', 'ูููุฉ ุนุฑุจูุฉ', 'ูููุฉ ุนุฑุจูุฉ ุฃุตููุฉ', 12.00, true, true, 5, NOW(), NOW());

-- ููุชุฌุงุช ูุทุนู ุฌุงูุน ุงูููุง (ูุฑุงูุด)
INSERT INTO menu_items (id, restaurant_id, category_id, name, description, price, is_available, is_vegetarian, preparation_time, created_at, updated_at)
VALUES
  ('660e8400-e29b-41d4-a716-446655440081', 'a7b8c9d0-e1f2-3456-0123-567890123456', '550e8400-e29b-41d4-a716-446655440081', 'ุทุงุฌูู ูุญู', 'ุทุงุฌูู ูุญู ุชูููุฏู ูุน ุงูุฎุถุงุฑ', 55.00, true, false, 30, NOW(), NOW()),
  ('660e8400-e29b-41d4-a716-446655440082', 'a7b8c9d0-e1f2-3456-0123-567890123456', '550e8400-e29b-41d4-a716-446655440081', 'ุทุงุฌูู ุฏุฌุงุฌ', 'ุทุงุฌูู ุฏุฌุงุฌ ุจุงูููููู ูุงูุฒูุชูู', 50.00, true, false, 25, NOW(), NOW()),
  ('660e8400-e29b-41d4-a716-446655440083', 'a7b8c9d0-e1f2-3456-0123-567890123456', '550e8400-e29b-41d4-a716-446655440082', 'ูุณูุณ ุจุงูุฎุถุงุฑ', 'ูุณูุณ ุชูููุฏู ุจุงูุฎุถุงุฑ ุงูุทุงุฒุฌุฉ', 45.00, true, true, 25, NOW(), NOW()),
  ('660e8400-e29b-41d4-a716-446655440084', 'a7b8c9d0-e1f2-3456-0123-567890123456', '550e8400-e29b-41d4-a716-446655440082', 'ูุณูุณ ุจุงููุญู', 'ูุณูุณ ุจุงููุญู ูุงูุฎุถุงุฑ', 50.00, true, false, 30, NOW(), NOW()),
  ('660e8400-e29b-41d4-a716-446655440085', 'a7b8c9d0-e1f2-3456-0123-567890123456', '550e8400-e29b-41d4-a716-446655440083', 'ูุจุงุจ ูุดูู', 'ูุจุงุจ ูุดูู ุจุงูุชูุงุจู ุงููุบุฑุจูุฉ', 45.00, true, false, 20, NOW(), NOW()),
  ('660e8400-e29b-41d4-a716-446655440086', 'a7b8c9d0-e1f2-3456-0123-567890123456', '550e8400-e29b-41d4-a716-446655440084', 'ุดุงู ุจุงููุนูุงุน', 'ุดุงู ุฃุฎุถุฑ ุจุงููุนูุงุน ุงูุทุงุฒุฌ', 10.00, true, true, 5, NOW(), NOW());

-- ููุชุฌุงุช ุจูุชุฒุง ูุฑุงูุด
INSERT INTO menu_items (id, restaurant_id, category_id, name, description, price, is_available, is_vegetarian, preparation_time, created_at, updated_at)
VALUES
  ('660e8400-e29b-41d4-a716-446655440091', 'c9d0e1f2-a3b4-5678-9012-345678901234', '550e8400-e29b-41d4-a716-446655440091', 'ุจูุชุฒุง ูุงุฑุบุฑูุชุง', 'ุจูุชุฒุง ุจุงูุฌุจู ูุงูุทูุงุทู', 55.00, true, true, 18, NOW(), NOW()),
  ('660e8400-e29b-41d4-a716-446655440092', 'c9d0e1f2-a3b4-5678-9012-345678901234', '550e8400-e29b-41d4-a716-446655440091', 'ุจูุชุฒุง ุจูุจุฑููู', 'ุจูุชุฒุง ุจุงูุจูุจุฑููู ูุงูุฌุจู', 65.00, true, false, 20, NOW(), NOW()),
  ('660e8400-e29b-41d4-a716-446655440093', 'c9d0e1f2-a3b4-5678-9012-345678901234', '550e8400-e29b-41d4-a716-446655440091', 'ุจูุชุฒุง ูุฑุงูุด', 'ุจูุชุฒุง ุจูููุงุช ูุบุฑุจูุฉ ูููุฒุฉ', 60.00, true, false, 22, NOW(), NOW()),
  ('660e8400-e29b-41d4-a716-446655440094', 'c9d0e1f2-a3b4-5678-9012-345678901234', '550e8400-e29b-41d4-a716-446655440092', 'ูุนูุฑููุฉ ุจูููููุฒ', 'ูุนูุฑููุฉ ุจุงููุญู ุงูููุฑูู', 40.00, true, false, 15, NOW(), NOW()),
  ('660e8400-e29b-41d4-a716-446655440095', 'c9d0e1f2-a3b4-5678-9012-345678901234', '550e8400-e29b-41d4-a716-446655440093', 'ุณูุทุฉ ุณูุฒุฑ', 'ุณูุทุฉ ุณูุฒุฑ ุจุงูุฏุฌุงุฌ', 35.00, true, false, 10, NOW(), NOW()),
  ('660e8400-e29b-41d4-a716-446655440096', 'c9d0e1f2-a3b4-5678-9012-345678901234', '550e8400-e29b-41d4-a716-446655440094', 'ูููุง', 'ูุดุฑูุจ ุบุงุฒู', 12.00, true, true, 2, NOW(), NOW());

-- ููุชุฌุงุช ูุทุนู ุงููุตุฑ ุงูุฃุญูุฑ
INSERT INTO menu_items (id, restaurant_id, category_id, name, description, price, is_available, is_vegetarian, preparation_time, created_at, updated_at)
VALUES
  ('660e8400-e29b-41d4-a716-446655440101', 'd0e1f2a3-b4c5-6789-0123-456789012345', '550e8400-e29b-41d4-a716-446655440101', 'ูุญู ูุดูู ูุงุฎุฑ', 'ูุญู ูุดูู ูุงุฎุฑ ูุน ุงูุตูุตุงุช ุงูุฎุงุตุฉ', 80.00, true, false, 35, NOW(), NOW()),
  ('660e8400-e29b-41d4-a716-446655440102', 'd0e1f2a3-b4c5-6789-0123-456789012345', '550e8400-e29b-41d4-a716-446655440101', 'ุณูู ุณูููู', 'ุณูู ุณูููู ูุดูู ูุน ุงูุฃุนุดุงุจ', 70.00, true, false, 25, NOW(), NOW()),
  ('660e8400-e29b-41d4-a716-446655440103', 'd0e1f2a3-b4c5-6789-0123-456789012345', '550e8400-e29b-41d4-a716-446655440102', 'ุทุงุฌูู ูุญู ูุงุฎุฑ', 'ุทุงุฌูู ูุญู ุจุงูุทุฑููุฉ ุงูุชูููุฏูุฉ ุงููุงุฎุฑุฉ', 65.00, true, false, 35, NOW(), NOW()),
  ('660e8400-e29b-41d4-a716-446655440104', 'd0e1f2a3-b4c5-6789-0123-456789012345', '550e8400-e29b-41d4-a716-446655440103', 'ูุดููุงุช ูุดููุฉ ูุงุฎุฑุฉ', 'ุทุจู ูุดููุงุช ูุชููุนุฉ ูุงุฎุฑุฉ', 90.00, true, false, 30, NOW(), NOW()),
  ('660e8400-e29b-41d4-a716-446655440105', 'd0e1f2a3-b4c5-6789-0123-456789012345', '550e8400-e29b-41d4-a716-446655440104', 'ุญููู ูุบุฑุจูุฉ ูุงุฎุฑุฉ', 'ุญููู ูุบุฑุจูุฉ ุชูููุฏูุฉ ูุงุฎุฑุฉ', 40.00, true, true, 10, NOW(), NOW());

-- ููุชุฌุงุช ูุทุนู ุงูุดูุงุก ุงูุฐูุจู
INSERT INTO menu_items (id, restaurant_id, category_id, name, description, price, is_available, is_vegetarian, preparation_time, created_at, updated_at)
VALUES
  ('660e8400-e29b-41d4-a716-446655440111', 'e1f2a3b4-c5d6-7890-1234-567890123456', '550e8400-e29b-41d4-a716-446655440111', 'ูุดููุงุช ูุดููุฉ', 'ุทุจู ูุดููุงุช ูุชููุนุฉ ูุน ุงูุฃุฑุฒ', 75.00, true, false, 25, NOW(), NOW()),
  ('660e8400-e29b-41d4-a716-446655440112', 'e1f2a3b4-c5d6-7890-1234-567890123456', '550e8400-e29b-41d4-a716-446655440111', 'ูุญู ูุดูู', 'ูุญู ูุดูู ูุน ุงูุชูุงุจู', 60.00, true, false, 30, NOW(), NOW()),
  ('660e8400-e29b-41d4-a716-446655440113', 'e1f2a3b4-c5d6-7890-1234-567890123456', '550e8400-e29b-41d4-a716-446655440112', 'ูุจุงุจ ูุดูู', 'ูุจุงุจ ูุดูู ุทุงุฒุฌ', 45.00, true, false, 20, NOW(), NOW()),
  ('660e8400-e29b-41d4-a716-446655440114', 'e1f2a3b4-c5d6-7890-1234-567890123456', '550e8400-e29b-41d4-a716-446655440112', 'ูุจุงุจ ุฏุฌุงุฌ', 'ูุจุงุจ ุฏุฌุงุฌ ูุดูู', 40.00, true, false, 18, NOW(), NOW()),
  ('660e8400-e29b-41d4-a716-446655440115', 'e1f2a3b4-c5d6-7890-1234-567890123456', '550e8400-e29b-41d4-a716-446655440113', 'ุณูุทุฉ ุฎุถุฑุงุก', 'ุณูุทุฉ ุฎุถุฑุงุก ุทุงุฒุฌุฉ', 25.00, true, true, 8, NOW(), NOW()),
  ('660e8400-e29b-41d4-a716-446655440116', 'e1f2a3b4-c5d6-7890-1234-567890123456', '550e8400-e29b-41d4-a716-446655440114', 'ุนุตูุฑ ุจุฑุชูุงู', 'ุนุตูุฑ ุจุฑุชูุงู ุทุงุฒุฌ', 15.00, true, true, 5, NOW(), NOW());

-- ููุชุฌุงุช ูุทุนู ุงูุณูู ุงูุฃุฎุถุฑ
INSERT INTO menu_items (id, restaurant_id, category_id, name, description, price, is_available, is_vegetarian, preparation_time, created_at, updated_at)
VALUES
  ('660e8400-e29b-41d4-a716-446655440121', 'f2a3b4c5-d6e7-8901-2345-678901234567', '550e8400-e29b-41d4-a716-446655440121', 'ุทุงุฌูู ุฏุฌุงุฌ', 'ุทุงุฌูู ุฏุฌุงุฌ ุจุงูููููู ูุงูุฒูุชูู', 50.00, true, false, 25, NOW(), NOW()),
  ('660e8400-e29b-41d4-a716-446655440122', 'f2a3b4c5-d6e7-8901-2345-678901234567', '550e8400-e29b-41d4-a716-446655440121', 'ุทุงุฌูู ูุญู', 'ุทุงุฌูู ูุญู ุชูููุฏู', 55.00, true, false, 30, NOW(), NOW()),
  ('660e8400-e29b-41d4-a716-446655440123', 'f2a3b4c5-d6e7-8901-2345-678901234567', '550e8400-e29b-41d4-a716-446655440122', 'ูุณูุณ ุจุงูุฎุถุงุฑ', 'ูุณูุณ ุจุงูุฎุถุงุฑ ุงูุทุงุฒุฌุฉ', 45.00, true, true, 25, NOW(), NOW()),
  ('660e8400-e29b-41d4-a716-446655440124', 'f2a3b4c5-d6e7-8901-2345-678901234567', '550e8400-e29b-41d4-a716-446655440123', 'ุณูุฏููุด ูุจุงุจ', 'ุณูุฏููุด ูุจุงุจ ูุดูู', 35.00, true, false, 15, NOW(), NOW()),
  ('660e8400-e29b-41d4-a716-446655440125', 'f2a3b4c5-d6e7-8901-2345-678901234567', '550e8400-e29b-41d4-a716-446655440123', 'ุณูุฏููุด ุดุงูุฑูุง', 'ุณูุฏููุด ุดุงูุฑูุง ุฏุฌุงุฌ', 30.00, true, false, 12, NOW(), NOW()),
  ('660e8400-e29b-41d4-a716-446655440126', 'f2a3b4c5-d6e7-8901-2345-678901234567', '550e8400-e29b-41d4-a716-446655440124', 'ุดุงู ุจุงููุนูุงุน', 'ุดุงู ุฃุฎุถุฑ ุจุงููุนูุงุน', 10.00, true, true, 5, NOW(), NOW());

-- ููุชุฌุงุช ูุทุนู ุงูุจุฑุฌ
INSERT INTO menu_items (id, restaurant_id, category_id, name, description, price, is_available, is_vegetarian, preparation_time, created_at, updated_at)
VALUES
  ('660e8400-e29b-41d4-a716-446655440131', 'a3b4c5d6-e7f8-9012-3456-789012345678', '550e8400-e29b-41d4-a716-446655440131', 'ุจุฑุฌุฑ ููุงุณูู', 'ุจุฑุฌุฑ ูุญู ูุน ุงูุฎุถุงุฑ', 35.00, true, false, 12, NOW(), NOW()),
  ('660e8400-e29b-41d4-a716-446655440132', 'a3b4c5d6-e7f8-9012-3456-789012345678', '550e8400-e29b-41d4-a716-446655440131', 'ุจุฑุฌุฑ ุฏุฌุงุฌ', 'ุจุฑุฌุฑ ุฏุฌุงุฌ ููุฑูุด', 30.00, true, false, 10, NOW(), NOW()),
  ('660e8400-e29b-41d4-a716-446655440133', 'a3b4c5d6-e7f8-9012-3456-789012345678', '550e8400-e29b-41d4-a716-446655440132', 'ูุจุงุจ ูุดูู', 'ูุจุงุจ ูุดูู ูุน ุงูุฃุฑุฒ', 40.00, true, false, 18, NOW(), NOW()),
  ('660e8400-e29b-41d4-a716-446655440134', 'a3b4c5d6-e7f8-9012-3456-789012345678', '550e8400-e29b-41d4-a716-446655440133', 'ุจุทุงุทุณ ููููุฉ', 'ุจุทุงุทุณ ููููุฉ ููุฑูุดุฉ', 15.00, true, true, 5, NOW(), NOW()),
  ('660e8400-e29b-41d4-a716-446655440135', 'a3b4c5d6-e7f8-9012-3456-789012345678', '550e8400-e29b-41d4-a716-446655440134', 'ูููุง', 'ูุดุฑูุจ ุบุงุฒู', 12.00, true, true, 2, NOW(), NOW());

-- ููุชุฌุงุช ูุทุนู ุงูุตุญุฑุงุก
INSERT INTO menu_items (id, restaurant_id, category_id, name, description, price, is_available, is_vegetarian, preparation_time, created_at, updated_at)
VALUES
  ('660e8400-e29b-41d4-a716-446655440141', 'b4c5d6e7-f8a9-0123-4567-890123456789', '550e8400-e29b-41d4-a716-446655440141', 'ูุญู ุฌูู ูุดูู', 'ูุญู ุฌูู ูุดูู ุจุงูุชูุงุจู ุงูุตุญุฑุงููุฉ', 65.00, true, false, 40, NOW(), NOW()),
  ('660e8400-e29b-41d4-a716-446655440142', 'b4c5d6e7-f8a9-0123-4567-890123456789', '550e8400-e29b-41d4-a716-446655440141', 'ูุณูุณ ุตุญุฑุงูู', 'ูุณูุณ ุตุญุฑุงูู ุจุงูุฎุถุงุฑ', 50.00, true, true, 30, NOW(), NOW()),
  ('660e8400-e29b-41d4-a716-446655440143', 'b4c5d6e7-f8a9-0123-4567-890123456789', '550e8400-e29b-41d4-a716-446655440142', 'ูุญู ุฌูู ุจุงูุทุงุฌูู', 'ูุญู ุฌูู ุจุงูุทุงุฌูู ุงูุตุญุฑุงูู', 70.00, true, false, 45, NOW(), NOW()),
  ('660e8400-e29b-41d4-a716-446655440144', 'b4c5d6e7-f8a9-0123-4567-890123456789', '550e8400-e29b-41d4-a716-446655440143', 'ูุณูุณ ุจุงููุญู', 'ูุณูุณ ุจุงููุญู ูุงูุฎุถุงุฑ', 55.00, true, false, 35, NOW(), NOW()),
  ('660e8400-e29b-41d4-a716-446655440145', 'b4c5d6e7-f8a9-0123-4567-890123456789', '550e8400-e29b-41d4-a716-446655440144', 'ุดุงู ุตุญุฑุงูู', 'ุดุงู ุตุญุฑุงูู ุจุงููุนูุงุน ูุงูุฒุนุชุฑ', 15.00, true, true, 5, NOW(), NOW()),
  ('660e8400-e29b-41d4-a716-446655440146', 'b4c5d6e7-f8a9-0123-4567-890123456789', '550e8400-e29b-41d4-a716-446655440144', 'ุชูุฑ ุจุงูููุฒ', 'ุชูุฑ ุทุงุฒุฌ ูุญุดู ุจุงูููุฒ', 25.00, true, true, 5, NOW(), NOW());

-- ููุชุฌุงุช ูุทุนู ุงููุฎูู
INSERT INTO menu_items (id, restaurant_id, category_id, name, description, price, is_available, is_vegetarian, preparation_time, created_at, updated_at)
VALUES
  ('660e8400-e29b-41d4-a716-446655440151', 'c5d6e7f8-a9b0-1234-5678-901234567890', '550e8400-e29b-41d4-a716-446655440151', 'ุณูู ูุดูู', 'ุณูู ุทุงุฒุฌ ูุดูู ูุน ุงูุฃุนุดุงุจ', 55.00, true, false, 20, NOW(), NOW()),
  ('660e8400-e29b-41d4-a716-446655440152', 'c5d6e7f8-a9b0-1234-5678-901234567890', '550e8400-e29b-41d4-a716-446655440151', 'ุณูู ูููู', 'ุณูู ุทุงุฒุฌ ูููู', 50.00, true, false, 18, NOW(), NOW()),
  ('660e8400-e29b-41d4-a716-446655440153', 'c5d6e7f8-a9b0-1234-5678-901234567890', '550e8400-e29b-41d4-a716-446655440152', 'ุฌูุจุฑู ูุดูู', 'ุฌูุจุฑู ุทุงุฒุฌ ูุดูู ุจุงูุซูู', 60.00, true, false, 15, NOW(), NOW()),
  ('660e8400-e29b-41d4-a716-446655440154', 'c5d6e7f8-a9b0-1234-5678-901234567890', '550e8400-e29b-41d4-a716-446655440152', 'ุฌูุจุฑู ูููู', 'ุฌูุจุฑู ูููู ุจุงูุจูุณูุงุท', 58.00, true, false, 12, NOW(), NOW()),
  ('660e8400-e29b-41d4-a716-446655440155', 'c5d6e7f8-a9b0-1234-5678-901234567890', '550e8400-e29b-41d4-a716-446655440153', 'ุณูุทุฉ ุจุญุฑูุฉ', 'ุณูุทุฉ ุจุงูุฃุณูุงู ุงูุทุงุฒุฌุฉ', 40.00, true, false, 10, NOW(), NOW()),
  ('660e8400-e29b-41d4-a716-446655440156', 'c5d6e7f8-a9b0-1234-5678-901234567890', '550e8400-e29b-41d4-a716-446655440154', 'ุนุตูุฑ ููููู', 'ุนุตูุฑ ููููู ุทุงุฒุฌ', 15.00, true, true, 5, NOW(), NOW());

-- =====================================================
-- ููุงุญุธุงุช ูููุฉ (IMPORTANT NOTES)
-- =====================================================
-- 1. ูุฐุง ุงูููู ูุณุชุฎุฏู UUIDs ุซุงุจุชุฉ ููุจูุงูุงุช ุงูุงูุชุฑุงุถูุฉ
-- 2. ูุฏ ุชุญุชุงุฌ ุฅูู ุชุนุทูู RLS ูุคูุชุงู ูู Supabase Dashboard ูุฅุฏุฑุงุฌ ุงูุจูุงูุงุช
-- 3. ุฃู ุงุณุชุฎุฏู service_role key ูู Supabase Client
-- 4. ุจุนุฏ ุฅุฏุฑุงุฌ ุงูุจูุงูุงุชุ ููููู ุชูุนูู RLS ูุฑุฉ ุฃุฎุฑู
-- 5. ููููู ุชุนุฏูู ุงูุฃุณุนุงุฑ ูุงูุฃุณูุงุก ุญุณุจ ุงุญุชูุงุฌุงุชู
--
-- ๐ ุงููุทุงุนู ูู ูุฑุงูุด (Restaurants in Marrakech):
-- ุฌููุน ุงููุทุงุนู ูู ูุฑุงูุด ููุฌูุฏุฉ ุจููุงูุน ูุฑูุจุฉ ูู: 31.6310, -8.0314
-- All restaurants in Marrakech are located near: 31.6310, -8.0314
-- ุงููุณุงูุงุช ุชุชุฑุงูุญ ุจูู 0.1 - 2 ูู ูู ูููุนู
-- Distances range from 0.1 - 2 km from your location
--
-- ุงููุทุงุนู ูู ูุฑุงูุด (10 ูุทุงุนู):
-- 1. ูุทุนู ุงูุฃุทูุณ (31.6320, -8.0300) - ูุฑูุจ ุฌุฏุงู
-- 2. ูุทุนู ุฌุงูุน ุงูููุง (31.6300, -8.0320) - ูุฑูุจ ุฌุฏุงู
-- 3. ูุทุนู ุงูุญูููุงุช ุงูุดุฑููุฉ (31.6315, -8.0310) - ูุฑูุจ ุฌุฏุงู
-- 4. ุจูุชุฒุง ูุฑุงูุด (31.6330, -8.0280) - ูุฑูุจ
-- 5. ูุทุนู ุงููุตุฑ ุงูุฃุญูุฑ (31.6280, -8.0350) - ูุฑูุจ
-- 6. ูุทุนู ุงูุดูุงุก ุงูุฐูุจู (31.6350, -8.0250) - ูุฑูุจ
-- 7. ูุทุนู ุงูุณูู ุงูุฃุฎุถุฑ (31.6290, -8.0330) - ูุฑูุจ ุฌุฏุงู
-- 8. ูุทุนู ุงูุจุฑุฌ (31.6340, -8.0270) - ูุฑูุจ
-- 9. ูุทุนู ุงูุตุญุฑุงุก (31.6325, -8.0290) - ูุฑูุจ
-- 10. ูุทุนู ุงููุฎูู (31.6305, -8.0315) - ูุฑูุจ ุฌุฏุงู

